{
  "GetAllCharacters" : {
    "transaction" : "GetAllCharacters",
    "sampleCount" : 2000,
    "errorCount" : 0,
    "errorPct" : 0.0,
    "meanResTime" : 1240.4965,
    "medianResTime" : 18.5,
    "minResTime" : 3.0,
    "maxResTime" : 4664.0,
    "pct1ResTime" : 3622.7000000000003,
    "pct2ResTime" : 4230.8999999999705,
    "pct3ResTime" : 4618.0,
    "throughput" : 357.0153516601214,
    "receivedKBytesPerSec" : 34147.00124536995,
    "sentKBytesPerSec" : 64.49984380578364
  },
  "ChangeChagacter" : {
    "transaction" : "ChangeChagacter",
    "sampleCount" : 2000,
    "errorCount" : 0,
    "errorPct" : 0.0,
    "meanResTime" : 5.6125000000000025,
    "medianResTime" : 5.0,
    "minResTime" : 1.0,
    "maxResTime" : 28.0,
    "pct1ResTime" : 8.0,
    "pct2ResTime" : 10.0,
    "pct3ResTime" : 14.0,
    "throughput" : 358.8087549336204,
    "receivedKBytesPerSec" : 92.86366528749552,
    "sentKBytesPerSec" : 87.83631312791532
  },
  "Total" : {
    "transaction" : "Total",
    "sampleCount" : 10000,
    "errorCount" : 0,
    "errorPct" : 0.0,
    "meanResTime" : 252.8667000000001,
    "medianResTime" : 5.0,
    "minResTime" : 1.0,
    "maxResTime" : 4664.0,
    "pct1ResTime" : 27.899999999999636,
    "pct2ResTime" : 2492.8499999999967,
    "pct3ResTime" : 4237.379999999965,
    "throughput" : 1782.5311942959001,
    "receivedKBytesPerSec" : 34461.78925050134,
    "sentKBytesPerSec" : 376.6961898395722
  },
  "CreateCharacter" : {
    "transaction" : "CreateCharacter",
    "sampleCount" : 2000,
    "errorCount" : 0,
    "errorPct" : 0.0,
    "meanResTime" : 5.703500000000006,
    "medianResTime" : 5.0,
    "minResTime" : 1.0,
    "maxResTime" : 23.0,
    "pct1ResTime" : 8.0,
    "pct2ResTime" : 10.0,
    "pct3ResTime" : 14.0,
    "throughput" : 357.653791130186,
    "receivedKBytesPerSec" : 92.55933420511445,
    "sentKBytesPerSec" : 86.27245115790416
  },
  "DeleteById" : {
    "transaction" : "DeleteById",
    "sampleCount" : 2000,
    "errorCount" : 0,
    "errorPct" : 0.0,
    "meanResTime" : 5.571499999999998,
    "medianResTime" : 5.0,
    "minResTime" : 1.0,
    "maxResTime" : 22.0,
    "pct1ResTime" : 8.0,
    "pct2ResTime" : 10.0,
    "pct3ResTime" : 13.0,
    "throughput" : 359.2599245554158,
    "receivedKBytesPerSec" : 87.35910274833842,
    "sentKBytesPerSec" : 73.9066780245195
  },
  "GetById" : {
    "transaction" : "GetById",
    "sampleCount" : 2000,
    "errorCount" : 0,
    "errorPct" : 0.0,
    "meanResTime" : 6.9495,
    "medianResTime" : 7.0,
    "minResTime" : 1.0,
    "maxResTime" : 32.0,
    "pct1ResTime" : 11.0,
    "pct2ResTime" : 14.0,
    "pct3ResTime" : 20.0,
    "throughput" : 357.3342862247633,
    "receivedKBytesPerSec" : 92.47717108495623,
    "sentKBytesPerSec" : 65.83238649053064
  }
}