{
  "" : {
    "transaction" : "",
    "sampleCount" : 361,
    "errorCount" : 361,
    "errorPct" : 100.0,
    "meanResTime" : 0.0,
    "medianResTime" : 0.0,
    "minResTime" : 0.0,
    "maxResTime" : 0.0,
    "pct1ResTime" : 0.0,
    "pct2ResTime" : 0.0,
    "pct3ResTime" : 0.0,
    "throughput" : 24.31140144117449,
    "receivedKBytesPerSec" : 35.137572395447506,
    "sentKBytesPerSec" : 0.0
  },
  "GetAllCharacters" : {
    "transaction" : "GetAllCharacters",
    "sampleCount" : 20000,
    "errorCount" : 361,
    "errorPct" : 1.805,
    "meanResTime" : 5950.167850000028,
    "medianResTime" : 10.0,
    "minResTime" : 1.0,
    "maxResTime" : 60506.0,
    "pct1ResTime" : 26422.0,
    "pct2ResTime" : 35072.55,
    "pct3ResTime" : 59306.86000000002,
    "throughput" : 322.9817676792145,
    "receivedKBytesPerSec" : 29881.29885414648,
    "sentKBytesPerSec" : 57.29795913372252
  },
  "ChangeChagacter" : {
    "transaction" : "ChangeChagacter",
    "sampleCount" : 20000,
    "errorCount" : 50,
    "errorPct" : 0.25,
    "meanResTime" : 33.785000000000274,
    "medianResTime" : 9.0,
    "minResTime" : 0.0,
    "maxResTime" : 7202.0,
    "pct1ResTime" : 12.0,
    "pct2ResTime" : 14.0,
    "pct3ResTime" : 23.0,
    "throughput" : 323.2532204102083,
    "receivedKBytesPerSec" : 85.17845471828481,
    "sentKBytesPerSec" : 78.9796638368541
  },
  "Total" : {
    "transaction" : "Total",
    "sampleCount" : 100000,
    "errorCount" : 894,
    "errorPct" : 0.894,
    "meanResTime" : 1218.6601099999893,
    "medianResTime" : 9.0,
    "minResTime" : 0.0,
    "maxResTime" : 60506.0,
    "pct1ResTime" : 17.0,
    "pct2ResTime" : 1022.6000000000058,
    "pct3ResTime" : 59306.86000000002,
    "throughput" : 1614.8306042696122,
    "receivedKBytesPerSec" : 30221.83755926933,
    "sentKBytesPerSec" : 338.5087392613765
  },
  "CreateCharacter" : {
    "transaction" : "CreateCharacter",
    "sampleCount" : 20000,
    "errorCount" : 111,
    "errorPct" : 0.555,
    "meanResTime" : 77.07029999999986,
    "medianResTime" : 9.0,
    "minResTime" : 1.0,
    "maxResTime" : 7719.0,
    "pct1ResTime" : 13.0,
    "pct2ResTime" : 15.0,
    "pct3ResTime" : 3915.920000000013,
    "throughput" : 323.1592043820388,
    "receivedKBytesPerSec" : 87.72293882495273,
    "sentKBytesPerSec" : 77.52179052416423
  },
  "DeleteById" : {
    "transaction" : "DeleteById",
    "sampleCount" : 20000,
    "errorCount" : 5,
    "errorPct" : 0.025,
    "meanResTime" : 17.898950000000035,
    "medianResTime" : 9.0,
    "minResTime" : 0.0,
    "maxResTime" : 7179.0,
    "pct1ResTime" : 12.0,
    "pct2ResTime" : 14.0,
    "pct3ResTime" : 20.0,
    "throughput" : 323.2897969740075,
    "receivedKBytesPerSec" : 78.79794160375987,
    "sentKBytesPerSec" : 66.47259702229891
  },
  "GetById" : {
    "transaction" : "GetById",
    "sampleCount" : 19639,
    "errorCount" : 6,
    "errorPct" : 0.030551454,
    "meanResTime" : 14.642751667600171,
    "medianResTime" : 8.0,
    "minResTime" : 0.0,
    "maxResTime" : 1076.0,
    "pct1ResTime" : 17.0,
    "pct2ResTime" : 20.0,
    "pct3ResTime" : 45.599999999998545,
    "throughput" : 317.25441416409546,
    "receivedKBytesPerSec" : 82.09891193177229,
    "sentKBytesPerSec" : 58.44422801600892
  }
}