{
  "" : {
    "transaction" : "",
    "sampleCount" : 222,
    "errorCount" : 222,
    "errorPct" : 100.0,
    "meanResTime" : 0.0,
    "medianResTime" : 0.0,
    "minResTime" : 0.0,
    "maxResTime" : 0.0,
    "pct1ResTime" : 0.0,
    "pct2ResTime" : 0.0,
    "pct3ResTime" : 0.0,
    "throughput" : 30.92352695361471,
    "receivedKBytesPerSec" : 44.69416005014626,
    "sentKBytesPerSec" : 0.0
  },
  "GetAllCharacters" : {
    "transaction" : "GetAllCharacters",
    "sampleCount" : 20000,
    "errorCount" : 222,
    "errorPct" : 1.11,
    "meanResTime" : 4578.053649999999,
    "medianResTime" : 9.0,
    "minResTime" : 1.0,
    "maxResTime" : 58420.0,
    "pct1ResTime" : 16855.40000000001,
    "pct2ResTime" : 28793.0,
    "pct3ResTime" : 56769.98,
    "throughput" : 340.3038913749979,
    "receivedKBytesPerSec" : 2141.4113379419696,
    "sentKBytesPerSec" : 60.798247913511766
  },
  "ChangeChagacter" : {
    "transaction" : "ChangeChagacter",
    "sampleCount" : 20000,
    "errorCount" : 230,
    "errorPct" : 1.15,
    "meanResTime" : 7.9402499999999785,
    "medianResTime" : 7.0,
    "minResTime" : 0.0,
    "maxResTime" : 103.0,
    "pct1ResTime" : 11.0,
    "pct2ResTime" : 13.0,
    "pct3ResTime" : 22.0,
    "throughput" : 340.47189404514654,
    "receivedKBytesPerSec" : 92.13972421244596,
    "sentKBytesPerSec" : 82.93981786881618
  },
  "Total" : {
    "transaction" : "Total",
    "sampleCount" : 100000,
    "errorCount" : 837,
    "errorPct" : 0.837,
    "meanResTime" : 931.8092799999964,
    "medianResTime" : 7.0,
    "minResTime" : 0.0,
    "maxResTime" : 58420.0,
    "pct1ResTime" : 13.0,
    "pct2ResTime" : 28.0,
    "pct3ResTime" : 56769.98,
    "throughput" : 1701.3168192180747,
    "receivedKBytesPerSec" : 2496.3884400041256,
    "sentKBytesPerSec" : 356.94414390800983
  },
  "CreateCharacter" : {
    "transaction" : "CreateCharacter",
    "sampleCount" : 20000,
    "errorCount" : 0,
    "errorPct" : 0.0,
    "meanResTime" : 56.55375000000019,
    "medianResTime" : 7.0,
    "minResTime" : 1.0,
    "maxResTime" : 4833.0,
    "pct1ResTime" : 11.0,
    "pct2ResTime" : 14.0,
    "pct3ResTime" : 3999.970000000005,
    "throughput" : 340.39656199472387,
    "receivedKBytesPerSec" : 88.09702365756105,
    "sentKBytesPerSec" : 82.11349034124756
  },
  "DeleteById" : {
    "transaction" : "DeleteById",
    "sampleCount" : 20000,
    "errorCount" : 0,
    "errorPct" : 0.0,
    "meanResTime" : 7.859350000000037,
    "medianResTime" : 7.0,
    "minResTime" : 0.0,
    "maxResTime" : 116.0,
    "pct1ResTime" : 11.0,
    "pct2ResTime" : 13.0,
    "pct3ResTime" : 20.0,
    "throughput" : 340.48928309981443,
    "receivedKBytesPerSec" : 82.79475731626347,
    "sentKBytesPerSec" : 69.63780585513884
  },
  "GetById" : {
    "transaction" : "GetById",
    "sampleCount" : 19778,
    "errorCount" : 163,
    "errorPct" : 0.82414806,
    "meanResTime" : 8.736373748609608,
    "medianResTime" : 7.0,
    "minResTime" : 0.0,
    "maxResTime" : 145.0,
    "pct1ResTime" : 13.0,
    "pct2ResTime" : 18.0,
    "pct3ResTime" : 26.0,
    "throughput" : 336.57806065144143,
    "receivedKBytesPerSec" : 86.91128713603179,
    "sentKBytesPerSec" : 61.60792822104421
  }
}