{
  "" : {
    "transaction" : "",
    "sampleCount" : 637,
    "errorCount" : 637,
    "errorPct" : 100.0,
    "meanResTime" : 0.0,
    "medianResTime" : 0.0,
    "minResTime" : 0.0,
    "maxResTime" : 0.0,
    "pct1ResTime" : 0.0,
    "pct2ResTime" : 0.0,
    "pct3ResTime" : 0.0,
    "throughput" : 14.810853542281848,
    "receivedKBytesPerSec" : 21.406311760329235,
    "sentKBytesPerSec" : 0.0
  },
  "GetAllCharacters" : {
    "transaction" : "GetAllCharacters",
    "sampleCount" : 31491,
    "errorCount" : 1030,
    "errorPct" : 3.2707758,
    "meanResTime" : 11324.114699437916,
    "medianResTime" : 199.0,
    "minResTime" : 3.0,
    "maxResTime" : 219333.0,
    "pct1ResTime" : 68373.0,
    "pct2ResTime" : 68724.0,
    "pct3ResTime" : 216177.98,
    "throughput" : 143.21251534858337,
    "receivedKBytesPerSec" : 14277.233902817887,
    "sentKBytesPerSec" : 25.02709540139388
  },
  "ChangeChagacter" : {
    "transaction" : "ChangeChagacter",
    "sampleCount" : 26798,
    "errorCount" : 38,
    "errorPct" : 0.14180163,
    "meanResTime" : 221.45313083065838,
    "medianResTime" : 179.0,
    "minResTime" : 1.0,
    "maxResTime" : 35865.0,
    "pct1ResTime" : 214.0,
    "pct2ResTime" : 222.0,
    "pct3ResTime" : 260.0,
    "throughput" : 359.9269347516588,
    "receivedKBytesPerSec" : 93.6970625318989,
    "sentKBytesPerSec" : 88.1067426070124
  },
  "Total" : {
    "transaction" : "Total",
    "sampleCount" : 139884,
    "errorCount" : 1832,
    "errorPct" : 1.3096566,
    "meanResTime" : 2846.522132624186,
    "medianResTime" : 220.0,
    "minResTime" : 0.0,
    "maxResTime" : 219333.0,
    "pct1ResTime" : 68373.0,
    "pct2ResTime" : 68724.0,
    "pct3ResTime" : 216177.98,
    "throughput" : 636.1544408567921,
    "receivedKBytesPerSec" : 14407.282245526174,
    "sentKBytesPerSec" : 132.3034430922848
  },
  "CreateCharacter" : {
    "transaction" : "CreateCharacter",
    "sampleCount" : 27443,
    "errorCount" : 94,
    "errorPct" : 0.34252813,
    "meanResTime" : 1004.750209525198,
    "medianResTime" : 182.0,
    "minResTime" : 2.0,
    "maxResTime" : 68213.0,
    "pct1ResTime" : 218.0,
    "pct2ResTime" : 233.0,
    "pct3ResTime" : 53769.990000000005,
    "throughput" : 297.00859325959436,
    "receivedKBytesPerSec" : 78.65878116950584,
    "sentKBytesPerSec" : 71.40225742169744
  },
  "DeleteById" : {
    "transaction" : "DeleteById",
    "sampleCount" : 26605,
    "errorCount" : 0,
    "errorPct" : 0.0,
    "meanResTime" : 150.57015598571655,
    "medianResTime" : 178.0,
    "minResTime" : 1.0,
    "maxResTime" : 448.0,
    "pct1ResTime" : 214.0,
    "pct2ResTime" : 221.0,
    "pct3ResTime" : 239.0,
    "throughput" : 436.96416253325884,
    "receivedKBytesPerSec" : 106.25398092849751,
    "sentKBytesPerSec" : 89.8964227203298
  },
  "GetById" : {
    "transaction" : "GetById",
    "sampleCount" : 26910,
    "errorCount" : 33,
    "errorPct" : 0.12263099,
    "meanResTime" : 150.92627276105418,
    "medianResTime" : 178.0,
    "minResTime" : 1.0,
    "maxResTime" : 570.0,
    "pct1ResTime" : 214.0,
    "pct2ResTime" : 223.0,
    "pct3ResTime" : 343.0,
    "throughput" : 441.88643305198855,
    "receivedKBytesPerSec" : 114.32643069661565,
    "sentKBytesPerSec" : 81.41872154565831
  }
}