{
  "GetAllCharacters" : {
    "transaction" : "GetAllCharacters",
    "sampleCount" : 17422,
    "errorCount" : 0,
    "errorPct" : 0.0,
    "meanResTime" : 1415.9748019745136,
    "medianResTime" : 102.0,
    "minResTime" : 4.0,
    "maxResTime" : 54001.0,
    "pct1ResTime" : 152.0,
    "pct2ResTime" : 3156.699999999939,
    "pct3ResTime" : 29980.240000000005,
    "throughput" : 314.05137449301486,
    "receivedKBytesPerSec" : 15518.842225523884,
    "sentKBytesPerSec" : 56.737797149616945
  },
  "ChangeChagacter" : {
    "transaction" : "ChangeChagacter",
    "sampleCount" : 16574,
    "errorCount" : 30,
    "errorPct" : 0.1810064,
    "meanResTime" : 97.62302401351575,
    "medianResTime" : 99.0,
    "minResTime" : 2.0,
    "maxResTime" : 466.0,
    "pct1ResTime" : 133.0,
    "pct2ResTime" : 150.0,
    "pct3ResTime" : 224.0,
    "throughput" : 545.0001644141922,
    "receivedKBytesPerSec" : 142.06423431283088,
    "sentKBytesPerSec" : 133.23477473200487
  },
  "Total" : {
    "transaction" : "Total",
    "sampleCount" : 83885,
    "errorCount" : 66,
    "errorPct" : 0.078679144,
    "meanResTime" : 371.6632532633951,
    "medianResTime" : 131.0,
    "minResTime" : 2.0,
    "maxResTime" : 54001.0,
    "pct1ResTime" : 205.0,
    "pct2ResTime" : 326.0,
    "pct3ResTime" : 29871.99,
    "throughput" : 1512.1225777377197,
    "receivedKBytesPerSec" : 15824.76868803515,
    "sentKBytesPerSec" : 318.7570766674177
  },
  "CreateCharacter" : {
    "transaction" : "CreateCharacter",
    "sampleCount" : 16654,
    "errorCount" : 0,
    "errorPct" : 0.0,
    "meanResTime" : 97.63258076137858,
    "medianResTime" : 99.0,
    "minResTime" : 2.0,
    "maxResTime" : 466.0,
    "pct1ResTime" : 134.0,
    "pct2ResTime" : 150.0,
    "pct3ResTime" : 223.0,
    "throughput" : 547.3608098336948,
    "receivedKBytesPerSec" : 141.66113326184842,
    "sentKBytesPerSec" : 132.03955652649051
  },
  "DeleteById" : {
    "transaction" : "DeleteById",
    "sampleCount" : 16494,
    "errorCount" : 0,
    "errorPct" : 0.0,
    "meanResTime" : 97.75245543834116,
    "medianResTime" : 100.0,
    "minResTime" : 4.0,
    "maxResTime" : 466.0,
    "pct1ResTime" : 134.0,
    "pct2ResTime" : 150.0,
    "pct3ResTime" : 222.04999999999927,
    "throughput" : 542.5122520803868,
    "receivedKBytesPerSec" : 131.91948317189093,
    "sentKBytesPerSec" : 111.42095352432327
  },
  "GetById" : {
    "transaction" : "GetById",
    "sampleCount" : 16741,
    "errorCount" : 36,
    "errorPct" : 0.21504092,
    "meanResTime" : 98.6531867869301,
    "medianResTime" : 99.0,
    "minResTime" : 2.0,
    "maxResTime" : 587.0,
    "pct1ResTime" : 136.0,
    "pct2ResTime" : 157.0,
    "pct3ResTime" : 241.5799999999981,
    "throughput" : 550.1298018468009,
    "receivedKBytesPerSec" : 142.289947442575,
    "sentKBytesPerSec" : 101.17150274391246
  }
}