{
  "GetAllCharacters" : {
    "transaction" : "GetAllCharacters",
    "sampleCount" : 14664,
    "errorCount" : 0,
    "errorPct" : 0.0,
    "meanResTime" : 1712.2868248772509,
    "medianResTime" : 116.0,
    "minResTime" : 5.0,
    "maxResTime" : 54926.0,
    "pct1ResTime" : 160.0,
    "pct2ResTime" : 15057.25,
    "pct3ResTime" : 29777.35,
    "throughput" : 260.3508273560117,
    "receivedKBytesPerSec" : 24889.247627981633,
    "sentKBytesPerSec" : 47.0360381453732
  },
  "ChangeChagacter" : {
    "transaction" : "ChangeChagacter",
    "sampleCount" : 13815,
    "errorCount" : 7,
    "errorPct" : 0.050669562,
    "meanResTime" : 106.08917842924386,
    "medianResTime" : 111.0,
    "minResTime" : 3.0,
    "maxResTime" : 308.0,
    "pct1ResTime" : 152.0,
    "pct2ResTime" : 157.0,
    "pct3ResTime" : 167.0,
    "throughput" : 457.0417176696331,
    "receivedKBytesPerSec" : 118.52041557423826,
    "sentKBytesPerSec" : 111.8786791920303
  },
  "Total" : {
    "transaction" : "Total",
    "sampleCount" : 70081,
    "errorCount" : 11,
    "errorPct" : 0.015696123,
    "meanResTime" : 442.3321870407099,
    "medianResTime" : 149.0,
    "minResTime" : 2.0,
    "maxResTime" : 54926.0,
    "pct1ResTime" : 163.0,
    "pct2ResTime" : 196.0,
    "pct3ResTime" : 29532.0,
    "throughput" : 1244.2475676443435,
    "receivedKBytesPerSec" : 25140.18918445068,
    "sentKBytesPerSec" : 262.45280167535157
  },
  "CreateCharacter" : {
    "transaction" : "CreateCharacter",
    "sampleCount" : 13894,
    "errorCount" : 0,
    "errorPct" : 0.0,
    "meanResTime" : 106.22434144234946,
    "medianResTime" : 111.0,
    "minResTime" : 3.0,
    "maxResTime" : 309.0,
    "pct1ResTime" : 152.0,
    "pct2ResTime" : 158.0,
    "pct3ResTime" : 168.0,
    "throughput" : 459.41209536091,
    "receivedKBytesPerSec" : 118.89625026865721,
    "sentKBytesPerSec" : 110.82064702989122
  },
  "DeleteById" : {
    "transaction" : "DeleteById",
    "sampleCount" : 13742,
    "errorCount" : 0,
    "errorPct" : 0.0,
    "meanResTime" : 106.30934361810515,
    "medianResTime" : 112.0,
    "minResTime" : 5.0,
    "maxResTime" : 309.0,
    "pct1ResTime" : 152.0,
    "pct2ResTime" : 158.0,
    "pct3ResTime" : 168.0,
    "throughput" : 454.7018728078883,
    "receivedKBytesPerSec" : 110.5671546183244,
    "sentKBytesPerSec" : 93.53922251381444
  },
  "GetById" : {
    "transaction" : "GetById",
    "sampleCount" : 13966,
    "errorCount" : 4,
    "errorPct" : 0.028640985,
    "meanResTime" : 106.52312759558927,
    "medianResTime" : 111.0,
    "minResTime" : 2.0,
    "maxResTime" : 388.0,
    "pct1ResTime" : 152.0,
    "pct2ResTime" : 158.0,
    "pct3ResTime" : 226.32999999999993,
    "throughput" : 461.70121326324835,
    "receivedKBytesPerSec" : 119.48083511025159,
    "sentKBytesPerSec" : 85.05688591978247
  }
}