{
  "GetAllCharacters" : {
    "transaction" : "GetAllCharacters",
    "sampleCount" : 2000,
    "errorCount" : 0,
    "errorPct" : 0.0,
    "meanResTime" : 744.4810000000006,
    "medianResTime" : 21.5,
    "minResTime" : 0.0,
    "maxResTime" : 2680.0,
    "pct1ResTime" : 2250.7000000000003,
    "pct2ResTime" : 2441.95,
    "pct3ResTime" : 2617.98,
    "throughput" : 548.9980785067252,
    "receivedKBytesPerSec" : 1847.1817741216032,
    "sentKBytesPerSec" : 99.18422316771891
  },
  "ChangeChagacter" : {
    "transaction" : "ChangeChagacter",
    "sampleCount" : 2000,
    "errorCount" : 39,
    "errorPct" : 1.95,
    "meanResTime" : 5.331499999999996,
    "medianResTime" : 4.0,
    "minResTime" : 0.0,
    "maxResTime" : 20.0,
    "pct1ResTime" : 10.0,
    "pct2ResTime" : 13.0,
    "pct3ResTime" : 16.0,
    "throughput" : 555.7099194220617,
    "receivedKBytesPerSec" : 154.9565091865796,
    "sentKBytesPerSec" : 135.12189800986386
  },
  "Total" : {
    "transaction" : "Total",
    "sampleCount" : 10000,
    "errorCount" : 57,
    "errorPct" : 0.57,
    "meanResTime" : 153.26960000000005,
    "medianResTime" : 4.0,
    "minResTime" : 0.0,
    "maxResTime" : 2680.0,
    "pct1ResTime" : 31.799999999999272,
    "pct2ResTime" : 1540.8999999999978,
    "pct3ResTime" : 2441.99,
    "throughput" : 2743.4842249657067,
    "receivedKBytesPerSec" : 2416.2572873799727,
    "sentKBytesPerSec" : 577.058952760631
  },
  "CreateCharacter" : {
    "transaction" : "CreateCharacter",
    "sampleCount" : 2000,
    "errorCount" : 0,
    "errorPct" : 0.0,
    "meanResTime" : 5.281500000000003,
    "medianResTime" : 4.0,
    "minResTime" : 0.0,
    "maxResTime" : 37.0,
    "pct1ResTime" : 10.0,
    "pct2ResTime" : 12.0,
    "pct3ResTime" : 16.0,
    "throughput" : 553.0973451327434,
    "receivedKBytesPerSec" : 143.14742636891592,
    "sentKBytesPerSec" : 133.42501209900442
  },
  "DeleteById" : {
    "transaction" : "DeleteById",
    "sampleCount" : 2000,
    "errorCount" : 0,
    "errorPct" : 0.0,
    "meanResTime" : 5.34599999999999,
    "medianResTime" : 4.0,
    "minResTime" : 0.0,
    "maxResTime" : 23.0,
    "pct1ResTime" : 11.0,
    "pct2ResTime" : 14.0,
    "pct3ResTime" : 16.0,
    "throughput" : 556.6379070414696,
    "receivedKBytesPerSec" : 135.35433481770107,
    "sentKBytesPerSec" : 113.58566135541331
  },
  "GetById" : {
    "transaction" : "GetById",
    "sampleCount" : 2000,
    "errorCount" : 18,
    "errorPct" : 0.9,
    "meanResTime" : 5.908000000000002,
    "medianResTime" : 5.0,
    "minResTime" : 1.0,
    "maxResTime" : 35.0,
    "pct1ResTime" : 10.0,
    "pct2ResTime" : 13.0,
    "pct3ResTime" : 21.0,
    "throughput" : 552.4861878453039,
    "receivedKBytesPerSec" : 142.63450664709944,
    "sentKBytesPerSec" : 100.87566902624309
  }
}