{
  "" : {
    "transaction" : "",
    "sampleCount" : 725,
    "errorCount" : 725,
    "errorPct" : 100.0,
    "meanResTime" : 0.0,
    "medianResTime" : 0.0,
    "minResTime" : 0.0,
    "maxResTime" : 0.0,
    "pct1ResTime" : 0.0,
    "pct2ResTime" : 0.0,
    "pct3ResTime" : 0.0,
    "throughput" : 16.6597729675077,
    "receivedKBytesPerSec" : 24.07857811710097,
    "sentKBytesPerSec" : 0.0
  },
  "GetAllCharacters" : {
    "transaction" : "GetAllCharacters",
    "sampleCount" : 37490,
    "errorCount" : 1550,
    "errorPct" : 4.1344357,
    "meanResTime" : 8743.173753000821,
    "medianResTime" : 184.0,
    "minResTime" : 0.0,
    "maxResTime" : 220871.0,
    "pct1ResTime" : 68353.0,
    "pct2ResTime" : 68718.95,
    "pct3ResTime" : 113729.3700000001,
    "throughput" : 169.14053688247236,
    "receivedKBytesPerSec" : 9425.05427158527,
    "sentKBytesPerSec" : 29.29423147417099
  },
  "ChangeChagacter" : {
    "transaction" : "ChangeChagacter",
    "sampleCount" : 32934,
    "errorCount" : 192,
    "errorPct" : 0.58298415,
    "meanResTime" : 293.8491832149159,
    "medianResTime" : 168.0,
    "minResTime" : 2.0,
    "maxResTime" : 68104.0,
    "pct1ResTime" : 200.0,
    "pct2ResTime" : 207.0,
    "pct3ResTime" : 377.9900000000016,
    "throughput" : 380.77510058733753,
    "receivedKBytesPerSec" : 102.071127242982,
    "sentKBytesPerSec" : 92.8200797291946
  },
  "Total" : {
    "transaction" : "Total",
    "sampleCount" : 170227,
    "errorCount" : 2886,
    "errorPct" : 1.6953832,
    "meanResTime" : 2174.3664518554615,
    "medianResTime" : 204.0,
    "minResTime" : 0.0,
    "maxResTime" : 220871.0,
    "pct1ResTime" : 68353.0,
    "pct2ResTime" : 68718.95,
    "pct3ResTime" : 113729.3700000001,
    "throughput" : 767.9990976765171,
    "receivedKBytesPerSec" : 9585.925405869331,
    "sentKBytesPerSec" : 159.23552317138507
  },
  "CreateCharacter" : {
    "transaction" : "CreateCharacter",
    "sampleCount" : 33511,
    "errorCount" : 264,
    "errorPct" : 0.787801,
    "meanResTime" : 659.3856047268062,
    "medianResTime" : 170.0,
    "minResTime" : 1.0,
    "maxResTime" : 68118.0,
    "pct1ResTime" : 202.0,
    "pct2ResTime" : 212.0,
    "pct3ResTime" : 35876.990000000005,
    "throughput" : 387.41488340905676,
    "receivedKBytesPerSec" : 106.39953207551532,
    "sentKBytesPerSec" : 92.7196186877883
  },
  "DeleteById" : {
    "transaction" : "DeleteById",
    "sampleCount" : 32653,
    "errorCount" : 59,
    "errorPct" : 0.18068784,
    "meanResTime" : 186.0118518972224,
    "medianResTime" : 167.0,
    "minResTime" : 2.0,
    "maxResTime" : 42675.0,
    "pct1ResTime" : 199.0,
    "pct2ResTime" : 205.0,
    "pct3ResTime" : 247.0,
    "throughput" : 453.3124167036873,
    "receivedKBytesPerSec" : 111.97918926223763,
    "sentKBytesPerSec" : 92.97537411757969
  },
  "GetById" : {
    "transaction" : "GetById",
    "sampleCount" : 32914,
    "errorCount" : 96,
    "errorPct" : 0.2916692,
    "meanResTime" : 136.90675700309995,
    "medianResTime" : 167.0,
    "minResTime" : 1.0,
    "maxResTime" : 505.0,
    "pct1ResTime" : 199.0,
    "pct2ResTime" : 206.0,
    "pct3ResTime" : 313.0,
    "throughput" : 540.300075511343,
    "receivedKBytesPerSec" : 139.7183316610033,
    "sentKBytesPerSec" : 99.41128276433074
  }
}